["main.aqi", "components.co", "components.no", "components.no2", "components.o3", "components.so2", "components.pm10", "components.nh3", "hour", "day_of_week", "month", "is_weekend", "city_name_Angeles City", "city_name_Antipolo", "city_name_Bacolod", "city_name_Bacoor", "city_name_Bago City", "city_name_Baguio", "city_name_Bais", "city_name_Balanga", "city_name_Batac City", "city_name_Batangas City", "city_name_Bayawan", "city_name_Baybay", "city_name_Bayugan", "city_name_Bislig", "city_name_Bi\u00f1an", "city_name_Bogo", "city_name_Borongan", "city_name_Butuan", "city_name_Cabadbaran", "city_name_Cabanatuan City", "city_name_Cabuyao", "city_name_Cadiz", "city_name_Cagayan de Oro", "city_name_Calaca", "city_name_Calamba", "city_name_Calapan", "city_name_Calbayog City", "city_name_Caloocan City", "city_name_Candon", "city_name_Canlaon", "city_name_Carcar", "city_name_Carmona", "city_name_Catbalogan", "city_name_Cauayan", "city_name_Cavite City", "city_name_Cebu City", "city_name_City of Marikina", "city_name_City of Masbate", "city_name_City of Passi", "city_name_City of Sorsogon", "city_name_Cotabato", "city_name_Dagupan", "city_name_Danao", "city_name_Dapitan", "city_name_Dasmari\u00f1as", "city_name_Davao", "city_name_Digos", "city_name_Dipolog", "city_name_Dumaguete", "city_name_El Salvador", "city_name_Escalante", "city_name_Gapan", "city_name_General Santos", "city_name_General Trias", "city_name_Gingoog City", "city_name_Himamaylan", "city_name_Ilagan", "city_name_Iligan City", "city_name_Iloilo City", "city_name_Imus", "city_name_Iriga City", "city_name_Isabela", "city_name_Kabankalan", "city_name_Kidapawan", "city_name_Koronadal", "city_name_La Carlota", "city_name_Lamitan", "city_name_Laoag", "city_name_Lapu-Lapu City", "city_name_Las Pi\u00f1as", "city_name_Legazpi City", "city_name_Ligao", "city_name_Lipa City", "city_name_Lucena", "city_name_Maasin", "city_name_Mabalacat City", "city_name_Makati City", "city_name_Malabon", "city_name_Malaybalay", "city_name_Malolos", "city_name_Mandaluyong City", "city_name_Mandaue City", "city_name_Manila", "city_name_Marawi", "city_name_Mati", "city_name_Meycauayan", "city_name_Mu\u00f1oz", "city_name_Naga", "city_name_Navotas", "city_name_Olongapo", "city_name_Ormoc", "city_name_Oroquieta", "city_name_Ozamiz City", "city_name_Pagadian", "city_name_Palayan City", "city_name_Panabo", "city_name_Paranaque City", "city_name_Pasig", "city_name_Puerto Princesa City", "city_name_Quezon City", "city_name_Roxas", "city_name_Sagay", "city_name_Samal", "city_name_San Carlos", "city_name_San Fernando", "city_name_San Jose", "city_name_San Jose del Monte", "city_name_San Juan", "city_name_San Pablo", "city_name_San Pedro", "city_name_Santa Rosa", "city_name_Santiago", "city_name_Santo Tomas", "city_name_Silay City", "city_name_Sipalay", "city_name_Surigao City", "city_name_Tabaco", "city_name_Tabuk", "city_name_Tacloban City", "city_name_Tacurong", "city_name_Tagaytay City", "city_name_Taguig", "city_name_Talisay", "city_name_Tanauan", "city_name_Tandag", "city_name_Tangub", "city_name_Tanjay", "city_name_Tarlac City", "city_name_Tayabas", "city_name_Toledo City", "city_name_Tuguegarao", "city_name_Urdaneta", "city_name_Valencia", "city_name_Valenzuela", "city_name_Victorias", "city_name_Vigan", "city_name_Zamboanga City"]